sourcePath,sourceRelativePath,sourceSha256,sourceHadNoAlpha,preset,status,skippedReason,outputPath,outputSha256,sourceSize,sourceBoundingBox,scaleRatio,outputSize,outputBoundingBox,contentBoundingBox,bottomCenterAnchor,normalizedPivotX,normalizedPivotY,requestedColors,actualColors,requestedPaletteColorCount,actualPaletteColorCount,opaquePixelCount,transparentPixelCount,sourceUniqueColorEstimate,outputUniqueColorCount,alphaValues,elapsedMilliseconds,warningCodes,errorMessage,algorithmVersion,presetConfigHash,saturationPreset,saturationMultiplier,saturationAdjustedPixelCount,saturationClampedPixelCount
E:\mercenary-rpg\asset_work\character_sources\G_g_bearkin_female_001_곰수인_여성_프리셋_001_0001.png,G_g_bearkin_female_001_곰수인_여성_프리셋_001_0001.png,da4a80649b58fb2bca911711e2e80557528a93880959d084562ac458404d8943,True,world_64,WARNING,,E:\mercenary-rpg\asset_work\character_pixelized\world_64\G_g_bearkin_female_001_곰수인_여성_프리셋_001_0001.png,044118b18e73cd418427fbe0e586c037e1dde4174b3b045a155dcbff9bff972b,"[1664,2432]","[0,0,1664,2432]",0.02631578947368421,"[48,68]","[2,2,46,66]","[2,2,46,66]","[24.0,66.0]",0.5,0.9705882352941176,16,16,16,16,2816,448,851,16,"[0,255]",172.215,"[""SOURCE_HAS_NO_ALPHA"",""BOUNDING_BOX_TOUCHES_EDGE""]",,mercenary-pixel-convert-1.0.0,96381b2459dc74e0dca12961eb026f99a497e51fcd31790db62bcbae80578ae0,high,1.35,809,0
E:\mercenary-rpg\asset_work\character_sources\G_g_bearkin_male_001_곰수인_남성_프리셋_001_0001.png,G_g_bearkin_male_001_곰수인_남성_프리셋_001_0001.png,3a7ce53ff54397363cda78881bd5b1609ebc335a36c51ee48f879ecd6c0d3598,True,world_64,WARNING,,E:\mercenary-rpg\asset_work\character_pixelized\world_64\G_g_bearkin_male_001_곰수인_남성_프리셋_001_0001.png,bed97d731dbe7d6614130973293411f00b66dd0f65ea578cdcf67d06e8ed26b9,"[1664,2432]","[0,0,1664,2432]",0.02631578947368421,"[48,68]","[2,2,46,66]","[2,2,46,66]","[24.0,66.0]",0.5,0.9705882352941176,16,16,16,16,2816,448,1267,16,"[0,255]",149.578,"[""SOURCE_HAS_NO_ALPHA"",""BOUNDING_BOX_TOUCHES_EDGE""]",,mercenary-pixel-convert-1.0.0,96381b2459dc74e0dca12961eb026f99a497e51fcd31790db62bcbae80578ae0,high,1.35,1284,3
E:\mercenary-rpg\asset_work\character_sources\G_g_catkin_female_001_고양이수인_여성_프리셋_001_0001.png,G_g_catkin_female_001_고양이수인_여성_프리셋_001_0001.png,0f87b6d00c538e3a3f9eb18b9b308e3e824ce380817cc6e423baf0990d1ecfd1,True,world_64,WARNING,,E:\mercenary-rpg\asset_work\character_pixelized\world_64\G_g_catkin_female_001_고양이수인_여성_프리셋_001_0001.png,767b1d5a98dcbed06048940eb8ea7959001c5b01f5fc8c8f4c7587126abc034d,"[1664,2432]","[0,0,1664,2432]",0.02631578947368421,"[48,68]","[2,2,46,66]","[2,2,46,66]","[24.0,66.0]",0.5,0.9705882352941176,16,16,16,16,2816,448,653,16,"[0,255]",134.043,"[""SOURCE_HAS_NO_ALPHA"",""BOUNDING_BOX_TOUCHES_EDGE""]",,mercenary-pixel-convert-1.0.0,96381b2459dc74e0dca12961eb026f99a497e51fcd31790db62bcbae80578ae0,high,1.35,614,0
E:\mercenary-rpg\asset_work\character_sources\G_g_catkin_male_001_고양이수인_남성_프리셋_001_0001.png,G_g_catkin_male_001_고양이수인_남성_프리셋_001_0001.png,11c240756d6202517f8f69e7e974ab1d5e01309affe0f41e3be17f0521d7b7ba,True,world_64,WARNING,,E:\mercenary-rpg\asset_work\character_pixelized\world_64\G_g_catkin_male_001_고양이수인_남성_프리셋_001_0001.png,da349d9c79c7b16dd3a272290bad0928326ac36959ea2aedcb63b8f726f8b45b,"[1664,2432]","[0,0,1664,2432]",0.02631578947368421,"[48,68]","[2,2,46,66]","[2,2,46,66]","[24.0,66.0]",0.5,0.9705882352941176,16,16,16,16,2816,448,838,16,"[0,255]",146.826,"[""SOURCE_HAS_NO_ALPHA"",""BOUNDING_BOX_TOUCHES_EDGE""]",,mercenary-pixel-convert-1.0.0,96381b2459dc74e0dca12961eb026f99a497e51fcd31790db62bcbae80578ae0,high,1.35,810,4
E:\mercenary-rpg\asset_work\character_sources\G_g_centaur_female_001_켄타우로스_여성_프리셋_001_0001.png,G_g_centaur_female_001_켄타우로스_여성_프리셋_001_0001.png,9db876a3fef8796afada6f6706aa0bd4bd448b6c0c18aaf3bebad9e02f5c2ccc,True,world_64,WARNING,,E:\mercenary-rpg\asset_work\character_pixelized\world_64\G_g_centaur_female_001_켄타우로스_여성_프리셋_001_0001.png,f477d0b01c11707fe3e19f6c5a563e5c70e6fc1e9b2606ff22965713fb151a8c,"[1664,2432]","[0,0,1664,2432]",0.02631578947368421,"[48,68]","[2,2,46,66]","[2,2,46,66]","[24.0,66.0]",0.5,0.9705882352941176,16,16,16,16,2816,448,1019,16,"[0,255]",155.848,"[""SOURCE_HAS_NO_ALPHA"",""BOUNDING_BOX_TOUCHES_EDGE""]",,mercenary-pixel-convert-1.0.0,96381b2459dc74e0dca12961eb026f99a497e51fcd31790db62bcbae80578ae0,high,1.35,950,7
E:\mercenary-rpg\asset_work\character_sources\G_g_centaur_male_001_켄타우로스_남성_프리셋_001_0001.png,G_g_centaur_male_001_켄타우로스_남성_프리셋_001_0001.png,9c296d122e68ff9005f77083a27faf0f6d4c273b34321dfbe6b4f86b7a807270,True,world_64,WARNING,,E:\mercenary-rpg\asset_work\character_pixelized\world_64\G_g_centaur_male_001_켄타우로스_남성_프리셋_001_0001.png,cb062e7b7d4d2bd8ba6dd63cd95ca9b5a4dbd9323ec9c018603aaec485cccbc2,"[1664,2432]","[0,0,1664,2432]",0.02631578947368421,"[48,68]","[2,2,46,66]","[2,2,46,66]","[24.0,66.0]",0.5,0.9705882352941176,16,16,16,16,2816,448,930,16,"[0,255]",212.175,"[""SOURCE_HAS_NO_ALPHA"",""BOUNDING_BOX_TOUCHES_EDGE""]",,mercenary-pixel-convert-1.0.0,96381b2459dc74e0dca12961eb026f99a497e51fcd31790db62bcbae80578ae0,high,1.35,953,5
E:\mercenary-rpg\asset_work\character_sources\G_g_deerkin_female_001_사슴수인_여성_프리셋_001_0001.png,G_g_deerkin_female_001_사슴수인_여성_프리셋_001_0001.png,82e5af9f27f32f1cd9e46f3f6ecd5f7d8bfac705aeb304283fd1137b3ad6a81d,True,world_64,WARNING,,E:\mercenary-rpg\asset_work\character_pixelized\world_64\G_g_deerkin_female_001_사슴수인_여성_프리셋_001_0001.png,ba82ce6c9c95840b53fd5f3337f67db78674d35151001979c87ec195048b5aef,"[1664,2432]","[0,0,1664,2432]",0.02631578947368421,"[48,68]","[2,2,46,66]","[2,2,46,66]","[24.0,66.0]",0.5,0.9705882352941176,16,16,16,16,2816,448,688,16,"[0,255]",159.393,"[""SOURCE_HAS_NO_ALPHA"",""BOUNDING_BOX_TOUCHES_EDGE""]",,mercenary-pixel-convert-1.0.0,96381b2459dc74e0dca12961eb026f99a497e51fcd31790db62bcbae80578ae0,high,1.35,628,2
E:\mercenary-rpg\asset_work\character_sources\G_g_deerkin_male_001_사슴수인_남성_프리셋_001_0001.png,G_g_deerkin_male_001_사슴수인_남성_프리셋_001_0001.png,0a57084147d6cf1f054a017628dd8fa2982a23be5f0f9bd9e37090abf2412a1b,True,world_64,WARNING,,E:\mercenary-rpg\asset_work\character_pixelized\world_64\G_g_deerkin_male_001_사슴수인_남성_프리셋_001_0001.png,dcb7ec08fa9eed3f61177da79baa95fb7777e617df28893461389bdba04ee355,"[1664,2432]","[0,0,1664,2432]",0.02631578947368421,"[48,68]","[2,2,46,66]","[2,2,46,66]","[24.0,66.0]",0.5,0.9705882352941176,16,16,16,16,2816,448,940,16,"[0,255]",141.325,"[""SOURCE_HAS_NO_ALPHA"",""BOUNDING_BOX_TOUCHES_EDGE""]",,mercenary-pixel-convert-1.0.0,96381b2459dc74e0dca12961eb026f99a497e51fcd31790db62bcbae80578ae0,high,1.35,873,1
E:\mercenary-rpg\asset_work\character_sources\G_g_bearkin_female_001_곰수인_여성_프리셋_001_0001.png,G_g_bearkin_female_001_곰수인_여성_프리셋_001_0001.png,da4a80649b58fb2bca911711e2e80557528a93880959d084562ac458404d8943,True,world_80,WARNING,,E:\mercenary-rpg\asset_work\character_pixelized\world_80\G_g_bearkin_female_001_곰수인_여성_프리셋_001_0001.png,c97cb1d20281f2cf1ac0169d242f425319d45e07256fb3ad9b658a2845d2868e,"[1664,2432]","[0,0,1664,2432]",0.03289473684210526,"[60,84]","[2,2,58,82]","[2,2,58,82]","[30.0,82.0]",0.5,0.9761904761904762,20,20,20,20,4480,560,1257,20,"[0,255]",137.836,"[""SOURCE_HAS_NO_ALPHA"",""BOUNDING_BOX_TOUCHES_EDGE""]",,mercenary-pixel-convert-1.0.0,2640293ce7c13e5398febe5d848105ac698e3786630189a16afeaed0ab94cff9,high,1.35,1253,1
E:\mercenary-rpg\asset_work\character_sources\G_g_bearkin_male_001_곰수인_남성_프리셋_001_0001.png,G_g_bearkin_male_001_곰수인_남성_프리셋_001_0001.png,3a7ce53ff54397363cda78881bd5b1609ebc335a36c51ee48f879ecd6c0d3598,True,world_80,WARNING,,E:\mercenary-rpg\asset_work\character_pixelized\world_80\G_g_bearkin_male_001_곰수인_남성_프리셋_001_0001.png,2b05033da2090bb8289c791ec19546bdf1e28035386e74d17452372de653811b,"[1664,2432]","[0,0,1664,2432]",0.03289473684210526,"[60,84]","[2,2,58,82]","[2,2,58,82]","[30.0,82.0]",0.5,0.9761904761904762,20,20,20,20,4480,560,1858,20,"[0,255]",155.088,"[""SOURCE_HAS_NO_ALPHA"",""BOUNDING_BOX_TOUCHES_EDGE""]",,mercenary-pixel-convert-1.0.0,2640293ce7c13e5398febe5d848105ac698e3786630189a16afeaed0ab94cff9,high,1.35,1991,7
E:\mercenary-rpg\asset_work\character_sources\G_g_catkin_female_001_고양이수인_여성_프리셋_001_0001.png,G_g_catkin_female_001_고양이수인_여성_프리셋_001_0001.png,0f87b6d00c538e3a3f9eb18b9b308e3e824ce380817cc6e423baf0990d1ecfd1,True,world_80,WARNING,,E:\mercenary-rpg\asset_work\character_pixelized\world_80\G_g_catkin_female_001_고양이수인_여성_프리셋_001_0001.png,5d75ee33d28108100a818244373ea4ad8d065986eb242dfddfc923c9993d7496,"[1664,2432]","[0,0,1664,2432]",0.03289473684210526,"[60,84]","[2,2,58,82]","[2,2,58,82]","[30.0,82.0]",0.5,0.9761904761904762,20,20,20,20,4480,560,986,20,"[0,255]",137.44,"[""SOURCE_HAS_NO_ALPHA"",""BOUNDING_BOX_TOUCHES_EDGE""]",,mercenary-pixel-convert-1.0.0,2640293ce7c13e5398febe5d848105ac698e3786630189a16afeaed0ab94cff9,high,1.35,946,0
E:\mercenary-rpg\asset_work\character_sources\G_g_catkin_male_001_고양이수인_남성_프리셋_001_0001.png,G_g_catkin_male_001_고양이수인_남성_프리셋_001_0001.png,11c240756d6202517f8f69e7e974ab1d5e01309affe0f41e3be17f0521d7b7ba,True,world_80,WARNING,,E:\mercenary-rpg\asset_work\character_pixelized\world_80\G_g_catkin_male_001_고양이수인_남성_프리셋_001_0001.png,029ac26d95f78477e5771e5af8d5df244278c4e10632d28862b0d3a25f71d84f,"[1664,2432]","[0,0,1664,2432]",0.03289473684210526,"[60,84]","[2,2,58,82]","[2,2,58,82]","[30.0,82.0]",0.5,0.9761904761904762,20,20,20,20,4480,560,1260,20,"[0,255]",135.912,"[""SOURCE_HAS_NO_ALPHA"",""BOUNDING_BOX_TOUCHES_EDGE""]",,mercenary-pixel-convert-1.0.0,2640293ce7c13e5398febe5d848105ac698e3786630189a16afeaed0ab94cff9,high,1.35,1245,12
E:\mercenary-rpg\asset_work\character_sources\G_g_centaur_female_001_켄타우로스_여성_프리셋_001_0001.png,G_g_centaur_female_001_켄타우로스_여성_프리셋_001_0001.png,9db876a3fef8796afada6f6706aa0bd4bd448b6c0c18aaf3bebad9e02f5c2ccc,True,world_80,WARNING,,E:\mercenary-rpg\asset_work\character_pixelized\world_80\G_g_centaur_female_001_켄타우로스_여성_프리셋_001_0001.png,332e468600f6bcb10a7e88336138f310a4c2e1b8f9f622d40f997cc2eb362811,"[1664,2432]","[0,0,1664,2432]",0.03289473684210526,"[60,84]","[2,2,58,82]","[2,2,58,82]","[30.0,82.0]",0.5,0.9761904761904762,20,20,20,20,4480,560,1515,20,"[0,255]",140.405,"[""SOURCE_HAS_NO_ALPHA"",""BOUNDING_BOX_TOUCHES_EDGE""]",,mercenary-pixel-convert-1.0.0,2640293ce7c13e5398febe5d848105ac698e3786630189a16afeaed0ab94cff9,high,1.35,1452,3
E:\mercenary-rpg\asset_work\character_sources\G_g_centaur_male_001_켄타우로스_남성_프리셋_001_0001.png,G_g_centaur_male_001_켄타우로스_남성_프리셋_001_0001.png,9c296d122e68ff9005f77083a27faf0f6d4c273b34321dfbe6b4f86b7a807270,True,world_80,WARNING,,E:\mercenary-rpg\asset_work\character_pixelized\world_80\G_g_centaur_male_001_켄타우로스_남성_프리셋_001_0001.png,01d303031718769c4d7527d42c2d2a8fa834223f1c55f27ed78bbb27ba1bf836,"[1664,2432]","[0,0,1664,2432]",0.03289473684210526,"[60,84]","[2,2,58,82]","[2,2,58,82]","[30.0,82.0]",0.5,0.9761904761904762,20,20,20,20,4480,560,1340,20,"[0,255]",145.187,"[""SOURCE_HAS_NO_ALPHA"",""BOUNDING_BOX_TOUCHES_EDGE""]",,mercenary-pixel-convert-1.0.0,2640293ce7c13e5398febe5d848105ac698e3786630189a16afeaed0ab94cff9,high,1.35,1465,9
E:\mercenary-rpg\asset_work\character_sources\G_g_deerkin_female_001_사슴수인_여성_프리셋_001_0001.png,G_g_deerkin_female_001_사슴수인_여성_프리셋_001_0001.png,82e5af9f27f32f1cd9e46f3f6ecd5f7d8bfac705aeb304283fd1137b3ad6a81d,True,world_80,WARNING,,E:\mercenary-rpg\asset_work\character_pixelized\world_80\G_g_deerkin_female_001_사슴수인_여성_프리셋_001_0001.png,6d0ca94274570b7632009fcfe0f66f5418c61f7c8fd3e1bc92cfc04aa71672a7,"[1664,2432]","[0,0,1664,2432]",0.03289473684210526,"[60,84]","[2,2,58,82]","[2,2,58,82]","[30.0,82.0]",0.5,0.9761904761904762,20,20,20,20,4480,560,1004,20,"[0,255]",136.117,"[""SOURCE_HAS_NO_ALPHA"",""BOUNDING_BOX_TOUCHES_EDGE""]",,mercenary-pixel-convert-1.0.0,2640293ce7c13e5398febe5d848105ac698e3786630189a16afeaed0ab94cff9,high,1.35,946,1
E:\mercenary-rpg\asset_work\character_sources\G_g_deerkin_male_001_사슴수인_남성_프리셋_001_0001.png,G_g_deerkin_male_001_사슴수인_남성_프리셋_001_0001.png,0a57084147d6cf1f054a017628dd8fa2982a23be5f0f9bd9e37090abf2412a1b,True,world_80,WARNING,,E:\mercenary-rpg\asset_work\character_pixelized\world_80\G_g_deerkin_male_001_사슴수인_남성_프리셋_001_0001.png,3b9ae363aab265874c6d33e2ad05fc2abf892185e4e8aee2e892f11d72141e22,"[1664,2432]","[0,0,1664,2432]",0.03289473684210526,"[60,84]","[2,2,58,82]","[2,2,58,82]","[30.0,82.0]",0.5,0.9761904761904762,20,20,20,20,4480,560,1399,20,"[0,255]",138.687,"[""SOURCE_HAS_NO_ALPHA"",""BOUNDING_BOX_TOUCHES_EDGE""]",,mercenary-pixel-convert-1.0.0,2640293ce7c13e5398febe5d848105ac698e3786630189a16afeaed0ab94cff9,high,1.35,1354,1
E:\mercenary-rpg\asset_work\character_sources\G_g_bearkin_female_001_곰수인_여성_프리셋_001_0001.png,G_g_bearkin_female_001_곰수인_여성_프리셋_001_0001.png,da4a80649b58fb2bca911711e2e80557528a93880959d084562ac458404d8943,True,world_96,WARNING,,E:\mercenary-rpg\asset_work\character_pixelized\world_96\G_g_bearkin_female_001_곰수인_여성_프리셋_001_0001.png,ee6c5713279f54cce6859592f2a52bd5ba29204b04798b2e936c2c960f47b903,"[1664,2432]","[0,0,1664,2432]",0.039473684210526314,"[72,102]","[3,3,69,99]","[3,3,69,99]","[36.0,99.0]",0.5,0.9705882352941176,24,24,24,24,6336,1008,1692,24,"[0,255]",141.828,"[""SOURCE_HAS_NO_ALPHA"",""BOUNDING_BOX_TOUCHES_EDGE""]",,mercenary-pixel-convert-1.0.0,b9676a22e45fade64fd6bea4b70e33b0c82497f010220498df1a0d21a01947d1,high,1.35,1768,1
E:\mercenary-rpg\asset_work\character_sources\G_g_bearkin_male_001_곰수인_남성_프리셋_001_0001.png,G_g_bearkin_male_001_곰수인_남성_프리셋_001_0001.png,3a7ce53ff54397363cda78881bd5b1609ebc335a36c51ee48f879ecd6c0d3598,True,world_96,WARNING,,E:\mercenary-rpg\asset_work\character_pixelized\world_96\G_g_bearkin_male_001_곰수인_남성_프리셋_001_0001.png,23816aa1943d93bc5e027ed6ffe9b7f6d5f179af8ed45845d2820cf85f6cc56f,"[1664,2432]","[0,0,1664,2432]",0.039473684210526314,"[72,102]","[3,3,69,99]","[3,3,69,99]","[36.0,99.0]",0.5,0.9705882352941176,24,24,24,24,6336,1008,2385,24,"[0,255]",155.604,"[""SOURCE_HAS_NO_ALPHA"",""BOUNDING_BOX_TOUCHES_EDGE""]",,mercenary-pixel-convert-1.0.0,b9676a22e45fade64fd6bea4b70e33b0c82497f010220498df1a0d21a01947d1,high,1.35,2836,8
E:\mercenary-rpg\asset_work\character_sources\G_g_catkin_female_001_고양이수인_여성_프리셋_001_0001.png,G_g_catkin_female_001_고양이수인_여성_프리셋_001_0001.png,0f87b6d00c538e3a3f9eb18b9b308e3e824ce380817cc6e423baf0990d1ecfd1,True,world_96,WARNING,,E:\mercenary-rpg\asset_work\character_pixelized\world_96\G_g_catkin_female_001_고양이수인_여성_프리셋_001_0001.png,d5f0bdfb55c86abf974ebce4131c1f82ea797ed980dc7981cb9607a0be18f629,"[1664,2432]","[0,0,1664,2432]",0.039473684210526314,"[72,102]","[3,3,69,99]","[3,3,69,99]","[36.0,99.0]",0.5,0.9705882352941176,24,24,24,24,6336,1008,1310,24,"[0,255]",132.559,"[""SOURCE_HAS_NO_ALPHA"",""BOUNDING_BOX_TOUCHES_EDGE""]",,mercenary-pixel-convert-1.0.0,b9676a22e45fade64fd6bea4b70e33b0c82497f010220498df1a0d21a01947d1,high,1.35,1321,0
E:\mercenary-rpg\asset_work\character_sources\G_g_catkin_male_001_고양이수인_남성_프리셋_001_0001.png,G_g_catkin_male_001_고양이수인_남성_프리셋_001_0001.png,11c240756d6202517f8f69e7e974ab1d5e01309affe0f41e3be17f0521d7b7ba,True,world_96,WARNING,,E:\mercenary-rpg\asset_work\character_pixelized\world_96\G_g_catkin_male_001_고양이수인_남성_프리셋_001_0001.png,184ac4ea76816e69b9e053191f671d790442213765d9ed2c76aa06b7d661637b,"[1664,2432]","[0,0,1664,2432]",0.039473684210526314,"[72,102]","[3,3,69,99]","[3,3,69,99]","[36.0,99.0]",0.5,0.9705882352941176,24,24,24,24,6336,1008,1694,24,"[0,255]",141.44,"[""SOURCE_HAS_NO_ALPHA"",""BOUNDING_BOX_TOUCHES_EDGE""]",,mercenary-pixel-convert-1.0.0,b9676a22e45fade64fd6bea4b70e33b0c82497f010220498df1a0d21a01947d1,high,1.35,1766,23
E:\mercenary-rpg\asset_work\character_sources\G_g_centaur_female_001_켄타우로스_여성_프리셋_001_0001.png,G_g_centaur_female_001_켄타우로스_여성_프리셋_001_0001.png,9db876a3fef8796afada6f6706aa0bd4bd448b6c0c18aaf3bebad9e02f5c2ccc,True,world_96,WARNING,,E:\mercenary-rpg\asset_work\character_pixelized\world_96\G_g_centaur_female_001_켄타우로스_여성_프리셋_001_0001.png,9bc4ed904f1bc73f9c7346c859b06e23bf9a5be5c3bb2cad2b7c9949b0b84bb7,"[1664,2432]","[0,0,1664,2432]",0.039473684210526314,"[72,102]","[3,3,69,99]","[3,3,69,99]","[36.0,99.0]",0.5,0.9705882352941176,24,24,24,24,6336,1008,2050,24,"[0,255]",193.924,"[""SOURCE_HAS_NO_ALPHA"",""BOUNDING_BOX_TOUCHES_EDGE""]",,mercenary-pixel-convert-1.0.0,b9676a22e45fade64fd6bea4b70e33b0c82497f010220498df1a0d21a01947d1,high,1.35,2062,3
E:\mercenary-rpg\asset_work\character_sources\G_g_centaur_male_001_켄타우로스_남성_프리셋_001_0001.png,G_g_centaur_male_001_켄타우로스_남성_프리셋_001_0001.png,9c296d122e68ff9005f77083a27faf0f6d4c273b34321dfbe6b4f86b7a807270,True,world_96,WARNING,,E:\mercenary-rpg\asset_work\character_pixelized\world_96\G_g_centaur_male_001_켄타우로스_남성_프리셋_001_0001.png,e79ffc2fff0da4cbbc7f5ed31d92b3b45158c5693f71a89c227a1f01b79b08f0,"[1664,2432]","[0,0,1664,2432]",0.039473684210526314,"[72,102]","[3,3,69,99]","[3,3,69,99]","[36.0,99.0]",0.5,0.9705882352941176,24,24,24,24,6336,1008,1648,24,"[0,255]",170.755,"[""SOURCE_HAS_NO_ALPHA"",""BOUNDING_BOX_TOUCHES_EDGE""]",,mercenary-pixel-convert-1.0.0,b9676a22e45fade64fd6bea4b70e33b0c82497f010220498df1a0d21a01947d1,high,1.35,2092,7
E:\mercenary-rpg\asset_work\character_sources\G_g_deerkin_female_001_사슴수인_여성_프리셋_001_0001.png,G_g_deerkin_female_001_사슴수인_여성_프리셋_001_0001.png,82e5af9f27f32f1cd9e46f3f6ecd5f7d8bfac705aeb304283fd1137b3ad6a81d,True,world_96,WARNING,,E:\mercenary-rpg\asset_work\character_pixelized\world_96\G_g_deerkin_female_001_사슴수인_여성_프리셋_001_0001.png,3a05ce9e360a82b3ed9392399a56cad5b38f39eaceca662c80b471e50590aa10,"[1664,2432]","[0,0,1664,2432]",0.039473684210526314,"[72,102]","[3,3,69,99]","[3,3,69,99]","[36.0,99.0]",0.5,0.9705882352941176,24,24,24,24,6336,1008,1365,24,"[0,255]",142.549,"[""SOURCE_HAS_NO_ALPHA"",""BOUNDING_BOX_TOUCHES_EDGE""]",,mercenary-pixel-convert-1.0.0,b9676a22e45fade64fd6bea4b70e33b0c82497f010220498df1a0d21a01947d1,high,1.35,1339,7
E:\mercenary-rpg\asset_work\character_sources\G_g_deerkin_male_001_사슴수인_남성_프리셋_001_0001.png,G_g_deerkin_male_001_사슴수인_남성_프리셋_001_0001.png,0a57084147d6cf1f054a017628dd8fa2982a23be5f0f9bd9e37090abf2412a1b,True,world_96,WARNING,,E:\mercenary-rpg\asset_work\character_pixelized\world_96\G_g_deerkin_male_001_사슴수인_남성_프리셋_001_0001.png,490497585bb4a948e4921345597ea11571ac1e630c0b26792e8855dc87af9717,"[1664,2432]","[0,0,1664,2432]",0.039473684210526314,"[72,102]","[3,3,69,99]","[3,3,69,99]","[36.0,99.0]",0.5,0.9705882352941176,24,24,24,24,6336,1008,1884,24,"[0,255]",157.902,"[""SOURCE_HAS_NO_ALPHA"",""BOUNDING_BOX_TOUCHES_EDGE""]",,mercenary-pixel-convert-1.0.0,b9676a22e45fade64fd6bea4b70e33b0c82497f010220498df1a0d21a01947d1,high,1.35,1914,2
E:\mercenary-rpg\asset_work\character_sources\G_g_bearkin_female_001_곰수인_여성_프리셋_001_0001.png,G_g_bearkin_female_001_곰수인_여성_프리셋_001_0001.png,da4a80649b58fb2bca911711e2e80557528a93880959d084562ac458404d8943,True,world_128_detail,WARNING,,E:\mercenary-rpg\asset_work\character_pixelized\world_128_detail\G_g_bearkin_female_001_곰수인_여성_프리셋_001_0001.png,72deeb66f1367e6f0dba668e21992db17e441e73fcd2c24a201670495fbb8bf4,"[1664,2432]","[0,0,1664,2432]",0.05263157894736842,"[96,136]","[4,4,92,132]","[4,4,92,132]","[48.0,132.0]",0.5,0.9705882352941176,32,32,32,32,11264,1792,2687,32,"[0,255]",151.561,"[""SOURCE_HAS_NO_ALPHA"",""BOUNDING_BOX_TOUCHES_EDGE""]",,mercenary-pixel-convert-1.0.0,460e79a32eafc82c3032f904cd800cc4445f8f4ff34e2721154fc92014b0412a,high,1.35,3094,3
E:\mercenary-rpg\asset_work\character_sources\G_g_bearkin_male_001_곰수인_남성_프리셋_001_0001.png,G_g_bearkin_male_001_곰수인_남성_프리셋_001_0001.png,3a7ce53ff54397363cda78881bd5b1609ebc335a36c51ee48f879ecd6c0d3598,True,world_128_detail,WARNING,,E:\mercenary-rpg\asset_work\character_pixelized\world_128_detail\G_g_bearkin_male_001_곰수인_남성_프리셋_001_0001.png,7810a11f13d4191d28898eadb60ef5e663f564fdb1c3286722a7926a9fbef564,"[1664,2432]","[0,0,1664,2432]",0.05263157894736842,"[96,136]","[4,4,92,132]","[4,4,92,132]","[48.0,132.0]",0.5,0.9705882352941176,32,32,32,32,11264,1792,3816,32,"[0,255]",170.872,"[""SOURCE_HAS_NO_ALPHA"",""BOUNDING_BOX_TOUCHES_EDGE""]",,mercenary-pixel-convert-1.0.0,460e79a32eafc82c3032f904cd800cc4445f8f4ff34e2721154fc92014b0412a,high,1.35,5000,17
E:\mercenary-rpg\asset_work\character_sources\G_g_catkin_female_001_고양이수인_여성_프리셋_001_0001.png,G_g_catkin_female_001_고양이수인_여성_프리셋_001_0001.png,0f87b6d00c538e3a3f9eb18b9b308e3e824ce380817cc6e423baf0990d1ecfd1,True,world_128_detail,WARNING,,E:\mercenary-rpg\asset_work\character_pixelized\world_128_detail\G_g_catkin_female_001_고양이수인_여성_프리셋_001_0001.png,12bebd97c2441afea296ee0c9c7f163bd8e57ea39b171a56ab052c0a8506ae52,"[1664,2432]","[0,0,1664,2432]",0.05263157894736842,"[96,136]","[4,4,92,132]","[4,4,92,132]","[48.0,132.0]",0.5,0.9705882352941176,32,32,32,32,11264,1792,2089,32,"[0,255]",148.322,"[""SOURCE_HAS_NO_ALPHA"",""BOUNDING_BOX_TOUCHES_EDGE""]",,mercenary-pixel-convert-1.0.0,460e79a32eafc82c3032f904cd800cc4445f8f4ff34e2721154fc92014b0412a,high,1.35,2291,0
E:\mercenary-rpg\asset_work\character_sources\G_g_catkin_male_001_고양이수인_남성_프리셋_001_0001.png,G_g_catkin_male_001_고양이수인_남성_프리셋_001_0001.png,11c240756d6202517f8f69e7e974ab1d5e01309affe0f41e3be17f0521d7b7ba,True,world_128_detail,WARNING,,E:\mercenary-rpg\asset_work\character_pixelized\world_128_detail\G_g_catkin_male_001_고양이수인_남성_프리셋_001_0001.png,cc93149d8e99a85ec45f61388be5445685c7e3657ecac1dbbdd37fdd8cbd20fb,"[1664,2432]","[0,0,1664,2432]",0.05263157894736842,"[96,136]","[4,4,92,132]","[4,4,92,132]","[48.0,132.0]",0.5,0.9705882352941176,32,32,32,32,11264,1792,2660,32,"[0,255]",157.839,"[""SOURCE_HAS_NO_ALPHA"",""BOUNDING_BOX_TOUCHES_EDGE""]",,mercenary-pixel-convert-1.0.0,460e79a32eafc82c3032f904cd800cc4445f8f4ff34e2721154fc92014b0412a,high,1.35,3062,31
E:\mercenary-rpg\asset_work\character_sources\G_g_centaur_female_001_켄타우로스_여성_프리셋_001_0001.png,G_g_centaur_female_001_켄타우로스_여성_프리셋_001_0001.png,9db876a3fef8796afada6f6706aa0bd4bd448b6c0c18aaf3bebad9e02f5c2ccc,True,world_128_detail,WARNING,,E:\mercenary-rpg\asset_work\character_pixelized\world_128_detail\G_g_centaur_female_001_켄타우로스_여성_프리셋_001_0001.png,ebed87d8983c1d186da81a366f18ee2c631fbe67ec72374b5c7abb4902e5bb00,"[1664,2432]","[0,0,1664,2432]",0.05263157894736842,"[96,136]","[4,4,92,132]","[4,4,92,132]","[48.0,132.0]",0.5,0.9705882352941176,32,32,32,32,11264,1792,3285,32,"[0,255]",156.493,"[""SOURCE_HAS_NO_ALPHA"",""BOUNDING_BOX_TOUCHES_EDGE""]",,mercenary-pixel-convert-1.0.0,460e79a32eafc82c3032f904cd800cc4445f8f4ff34e2721154fc92014b0412a,high,1.35,3606,9
E:\mercenary-rpg\asset_work\character_sources\G_g_centaur_male_001_켄타우로스_남성_프리셋_001_0001.png,G_g_centaur_male_001_켄타우로스_남성_프리셋_001_0001.png,9c296d122e68ff9005f77083a27faf0f6d4c273b34321dfbe6b4f86b7a807270,True,world_128_detail,WARNING,,E:\mercenary-rpg\asset_work\character_pixelized\world_128_detail\G_g_centaur_male_001_켄타우로스_남성_프리셋_001_0001.png,fa1ac7cb37278e2ca679e908a552be0d36d77609e5df5512ba658f4cdf1ad609,"[1664,2432]","[0,0,1664,2432]",0.05263157894736842,"[96,136]","[4,4,92,132]","[4,4,92,132]","[48.0,132.0]",0.5,0.9705882352941176,32,32,32,32,11264,1792,2464,32,"[0,255]",160.306,"[""SOURCE_HAS_NO_ALPHA"",""BOUNDING_BOX_TOUCHES_EDGE""]",,mercenary-pixel-convert-1.0.0,460e79a32eafc82c3032f904cd800cc4445f8f4ff34e2721154fc92014b0412a,high,1.35,3608,13
E:\mercenary-rpg\asset_work\character_sources\G_g_deerkin_female_001_사슴수인_여성_프리셋_001_0001.png,G_g_deerkin_female_001_사슴수인_여성_프리셋_001_0001.png,82e5af9f27f32f1cd9e46f3f6ecd5f7d8bfac705aeb304283fd1137b3ad6a81d,True,world_128_detail,WARNING,,E:\mercenary-rpg\asset_work\character_pixelized\world_128_detail\G_g_deerkin_female_001_사슴수인_여성_프리셋_001_0001.png,6a6f42a73ef227b6465a1c3862ddde5b1a70a971502ffbd5bd39b2c730747967,"[1664,2432]","[0,0,1664,2432]",0.05263157894736842,"[96,136]","[4,4,92,132]","[4,4,92,132]","[48.0,132.0]",0.5,0.9705882352941176,32,32,32,32,11264,1792,2221,32,"[0,255]",144.937,"[""SOURCE_HAS_NO_ALPHA"",""BOUNDING_BOX_TOUCHES_EDGE""]",,mercenary-pixel-convert-1.0.0,460e79a32eafc82c3032f904cd800cc4445f8f4ff34e2721154fc92014b0412a,high,1.35,2315,8
E:\mercenary-rpg\asset_work\character_sources\G_g_deerkin_male_001_사슴수인_남성_프리셋_001_0001.png,G_g_deerkin_male_001_사슴수인_남성_프리셋_001_0001.png,0a57084147d6cf1f054a017628dd8fa2982a23be5f0f9bd9e37090abf2412a1b,True,world_128_detail,WARNING,,E:\mercenary-rpg\asset_work\character_pixelized\world_128_detail\G_g_deerkin_male_001_사슴수인_남성_프리셋_001_0001.png,f1e9db615e876969821d069ade1ae4bfe7e2094eccc40972ac9b2f247591443f,"[1664,2432]","[0,0,1664,2432]",0.05263157894736842,"[96,136]","[4,4,92,132]","[4,4,92,132]","[48.0,132.0]",0.5,0.9705882352941176,32,32,32,32,11264,1792,3038,32,"[0,255]",168.347,"[""SOURCE_HAS_NO_ALPHA"",""BOUNDING_BOX_TOUCHES_EDGE""]",,mercenary-pixel-convert-1.0.0,460e79a32eafc82c3032f904cd800cc4445f8f4ff34e2721154fc92014b0412a,high,1.35,3349,2
